MARKER_NAME,LINKAGE_GROUP,MAP_POSITION,CONTIG,START_POS,STOP_POS,LENGTH,STRAND,GIs
Asc(KH2A83),Neurospora crassa linkage group V,,,0,0,0,,""
Asm-1,Neurospora crassa linkage group V,,Neurospora crassa contig 3.56,33779,37412,3634,-,"1517922"
Ban,Neurospora crassa linkage group I,,,0,0,0,,""
Bm,Neurospora crassa linkage group I,,,0,0,0,,""
Bml,Neurospora crassa linkage group VI,,Neurospora crassa contig 3.214,197921,200508,2588,+,"168917"
Cen-I,Neurospora crassa linkage group I,0,,0,0,0,,""
Cen-II,Neurospora crassa linkage group II,0,,0,0,0,,""
Cen-III,Neurospora crassa linkage group III,0,,0,0,0,,""
Cen-IV,Neurospora crassa linkage group IV,0,,0,0,0,,""
Cen-V,Neurospora crassa linkage group V,0,,0,0,0,,""
Cen-VI,Neurospora crassa linkage group VI,0,,0,0,0,,""
Cen-VII,Neurospora crassa linkage group VII,0,Neurospora crassa contig 3.129,12983,27183,14201,-,"3396071 3396071"
Dip-1,Neurospora crassa linkage group III,,,0,0,0,,""
En(pdx),Neurospora crassa linkage group I,,,0,0,0,,""
Fsp-1,Neurospora crassa linkage group II,,,0,0,0,,""
Fsp-2,Neurospora crassa linkage group I,,,0,0,0,,""
Fsr-1,Neurospora crassa linkage group I,,,0,0,0,,""
Fsr-12,Neurospora crassa linkage group I,,,0,0,0,,"168895"
Fsr-13,Neurospora crassa linkage group IV,,,0,0,0,,"168894"
Fsr-16,Neurospora crassa linkage group V,,,0,0,0,,"168881"
Fsr-17,Neurospora crassa linkage group II,,,0,0,0,,"168888 168887"
Fsr-18,Neurospora crassa linkage group I,,,0,0,0,,""
Fsr-20,Neurospora crassa linkage group V,,,0,0,0,,"168896"
Fsr-21,Neurospora crassa linkage group II,,Neurospora crassa contig 3.541,78729,78932,204,+,"168884 168889 168890"
Fsr-3,Neurospora crassa linkage group II,,,0,0,0,,""
Fsr-30,Neurospora crassa linkage group I,,,0,0,0,,""
Fsr-32,Neurospora crassa linkage group II,,Neurospora crassa contig 3.177,94866,95121,256,-,"168892 168885 168891"
Fsr-33 ,Neurospora crassa linkage group I,,Neurospora crassa contig 3.158,13066,14783,1718,+,"168897 168898"
Fsr-34,Neurospora crassa linkage group II,,,0,0,0,,""
Fsr-4,Neurospora crassa linkage group IV,,Neurospora crassa contig 3.293,63620,63905,286,+,"168879"
Fsr-45,Neurospora crassa linkage group III,,,0,0,0,,"168882"
Fsr-50,Neurospora crassa linkage group VI,,,0,0,0,,""
Fsr-51,Neurospora crassa linkage group IV,,,0,0,0,,"168893"
Fsr-52,Neurospora crassa linkage group II,,Neurospora crassa contig 3.182,30677,31012,336,+,"168880"
Fsr-54,Neurospora crassa linkage group II,,,0,0,0,,"168883"
Fsr-55,Neurospora crassa linkage group II,,,0,0,0,,""
Fsr-62,Neurospora crassa linkage group IV,,,0,0,0,,""
Fsr-63,Neurospora crassa linkage group IV,,,0,0,0,,""
Fsr-9,Neurospora crassa linkage group V,,,0,0,0,,""
Iasc,Neurospora crassa linkage group V,,,0,0,0,,""
NOR,Neurospora crassa linkage group V,-127.4,Neurospora crassa contig 3.55,14355,14637,283,+,"3078 168899 3080 175550 3077 168900 175551"
Pad-1,Neurospora crassa linkage group II,,Neurospora crassa contig 3.185,12621,16536,3916,-,"4530578"
Prf,Neurospora crassa linkage group V,,,0,0,0,,""
R,Neurospora crassa linkage group I,476.98,,0,0,0,,""
Sk-2,Neurospora crassa linkage group III,,,0,0,0,,""
Sk-3,Neurospora crassa linkage group III,,,0,0,0,,""
T,Neurospora crassa linkage group I,,Neurospora crassa contig 3.27,40504,43496,2993,+,"168921 168919"
Tel-IIIR,Neurospora crassa linkage group III,289.1,,0,0,0,,""
Tel-IIL,Neurospora crassa linkage group II,-248,,0,0,0,,""
Tel-IIR,Neurospora crassa linkage group II,220.58,,0,0,0,,""
Tel-IR,Neurospora crassa linkage group I,516.69,,0,0,0,,""
Tel-IVL,Neurospora crassa linkage group IV,-149.87,,0,0,0,,""
Tel-IVR,Neurospora crassa linkage group IV,,,0,0,0,,""
Tel-VIIL,Neurospora crassa linkage group VII,-208.25,,0,0,0,,""
Tel-VIL,Neurospora crassa linkage group VI,-234.22,,0,0,0,,""
Tel-VIR,Neurospora crassa linkage group VI,173.26,,0,0,0,,""
Tel-VR,Neurospora crassa linkage group V,336.55,Neurospora crassa contig 3.416,6,627,622,-,"168912"
Tip-IIIL,Neurospora crassa linkage group III,,,0,0,0,,""
Tip-IIIR,Neurospora crassa linkage group III,,,0,0,0,,""
Tip-IIL,Neurospora crassa linkage group II,,,0,0,0,,""
Tip-IIR,Neurospora crassa linkage group II,,,0,0,0,,""
Tip-IL,Neurospora crassa linkage group I,,,0,0,0,,""
Tip-IR,Neurospora crassa linkage group I,,,0,0,0,,""
Tip-IVL,Neurospora crassa linkage group IV,,,0,0,0,,""
Tip-IVR,Neurospora crassa linkage group IV,,,0,0,0,,""
Tip-VIIL,Neurospora crassa linkage group VII,,,0,0,0,,""
Tip-VIIR,Neurospora crassa linkage group VII,,,0,0,0,,""
Tip-VIL,Neurospora crassa linkage group VI,,,0,0,0,,""
Tip-VIR,Neurospora crassa linkage group VI,,,0,0,0,,""
Tip-VL,Neurospora crassa linkage group V,,,0,0,0,,""
Tip-VR,Neurospora crassa linkage group V,,,0,0,0,,""
aab-1,Neurospora crassa linkage group III,,Neurospora crassa contig 3.6,112749,114773,2025,+,"2583170"
aag-1,Neurospora crassa linkage group II,,,0,0,0,,""
aap-2,Neurospora crassa linkage group I,,Neurospora crassa contig 3.26,61726,64029,2304,-,"2995850"
ace-1,Neurospora crassa linkage group II,136.24,,0,0,0,,""
ace-2,Neurospora crassa linkage group III,36.16,Neurospora crassa contig 3.457,28910,31138,2229,+,"340527"
ace-3,Neurospora crassa linkage group I,354.92,Neurospora crassa contig 3.153,135727,136178,452,+,"4242142 4240736"
ace-4,Neurospora crassa linkage group IV,-55.52,,0,0,0,,""
ace-5,Neurospora crassa linkage group V,127.86,,0,0,0,,""
ace-7,Neurospora crassa linkage group I,106.36,,0,0,0,,""
ace-8,Neurospora crassa linkage group VII,-13.34,Neurospora crassa contig 3.351,114184,115633,1450,-,""
ace-9,Neurospora crassa linkage group II,,,0,0,0,,""
acon-2,Neurospora crassa linkage group III,,,0,0,0,,""
acon-3,Neurospora crassa linkage group IV,-116.38,,0,0,0,,""
acr-1,Neurospora crassa linkage group I,,,0,0,0,,""
acr-2,Neurospora crassa linkage group III,-4.4,Neurospora crassa contig 3.323,11131,16806,5676,-,"1754593"
acr-3,Neurospora crassa linkage group I,-50.82,,0,0,0,,""
acr-4,Neurospora crassa linkage group I,,,0,0,0,,""
acr-5,Neurospora crassa linkage group II,,,0,0,0,,""
acr-6,Neurospora crassa linkage group III,,,0,0,0,,""
acr-7,Neurospora crassa linkage group III,-30.16,,0,0,0,,""
act,Neurospora crassa linkage group V,,Neurospora crassa contig 3.219,1,1978,1978,+,"2072155"
acu-1,Neurospora crassa linkage group V,,,0,0,0,,""
acu-11,Neurospora crassa linkage group VII,,,0,0,0,,""
acu-12,Neurospora crassa linkage group II,,,0,0,0,,""
acu-13,Neurospora crassa linkage group II,,,0,0,0,,""
acu-14,Neurospora crassa linkage group VI,,,0,0,0,,""
acu-2,Neurospora crassa linkage group IV,,,0,0,0,,""
acu-3,Neurospora crassa linkage group V,,Neurospora crassa contig 3.220,54761,56839,2079,+,"2970"
acu-4,Neurospora crassa linkage group I,,,0,0,0,,""
acu-5,Neurospora crassa linkage group II,,Neurospora crassa contig 3.391,165007,170337,5331,-,"2972 633592"
acu-6,Neurospora crassa linkage group VI,,Neurospora crassa contig 3.677,15659,16996,1338,-,""
acu-7,Neurospora crassa linkage group III,244.67,,0,0,0,,""
acu-8,Neurospora crassa linkage group II,201.11,,0,0,0,,""
acu-9,Neurospora crassa linkage group VII,,Neurospora crassa contig 3.720,18415,20207,1793,-,"2974"
ad-1,Neurospora crassa linkage group VI,-4.41,,0,0,0,,""
ad-2,Neurospora crassa linkage group III,100.21,Neurospora crassa contig 3.9,21655,23997,2343,+,""
ad-3A,Neurospora crassa linkage group I,55.21,Neurospora crassa contig 3.166,33881,34370,490,+,"4259908"
ad-3B,Neurospora crassa linkage group I,57.51,Neurospora crassa contig 3.167,26808,28734,1927,-,""
ad-4,Neurospora crassa linkage group III,55.41,,0,0,0,,""
ad-5,Neurospora crassa linkage group I,-23.26,Neurospora crassa contig 3.136,29751,31689,1939,-,""
ad-6,Neurospora crassa linkage group IV,157.16,,0,0,0,,""
ad-7,Neurospora crassa linkage group V,224.9,,0,0,0,,""
ad-8,Neurospora crassa linkage group VI,-126.45,Neurospora crassa contig 3.664,3771,5314,1544,-,""
ad-9,Neurospora crassa linkage group I,214.49,,0,0,0,,""
adh,Neurospora crassa linkage group VII,,,0,0,0,,""
ads,Neurospora crassa linkage group IV,,,0,0,0,,""
aga,Neurospora crassa linkage group VII,,Neurospora crassa contig 3.111,48296,50700,2405,+,"3849793"
age-1,Neurospora crassa linkage group I,,,0,0,0,,""
age-2,Neurospora crassa linkage group VI,,,0,0,0,,""
al-1,Neurospora crassa linkage group I,312.41,Neurospora crassa contig 3.22,34049,36811,2763,+,"168746"
al-2,Neurospora crassa linkage group I,299.53,Neurospora crassa contig 3.23,22993,26292,3300,+,"443681"
al-3,Neurospora crassa linkage group V,152.2,Neurospora crassa contig 3.57,30317,33433,3117,-,"903318 903318"
alc-1,Neurospora crassa linkage group II,,Neurospora crassa contig 3.77,78298,79937,1640,+,"168748"
aln-1,Neurospora crassa linkage group VII,,,0,0,0,,""
am,Neurospora crassa linkage group V,123.65,Neurospora crassa contig 3.45,131219,133862,2644,-,"168752"
amt,Neurospora crassa linkage group V,,,0,0,0,,""
amyc,Neurospora crassa linkage group I,,,0,0,0,,""
aod-1,Neurospora crassa linkage group IV,,Neurospora crassa contig 3.478,27717,30798,3082,-,"1161143"
aod-2,Neurospora crassa linkage group II,,,0,0,0,,""
arg-1,Neurospora crassa linkage group I,-20.26,,0,0,0,,""
arg-10,Neurospora crassa linkage group VII,112.96,Neurospora crassa contig 3.492,26092,27559,1468,-,""
arg-11,Neurospora crassa linkage group VII,110.66,,0,0,0,,""
arg-12,Neurospora crassa linkage group II,68.88,,0,0,0,,""
arg-13,Neurospora crassa linkage group I,425.87,Neurospora crassa contig 3.146,33367,34638,1272,-,"773383"
arg-14,Neurospora crassa linkage group IV,83.72,Neurospora crassa contig 3.458,87130,90143,3014,+,"530155"
arg-2,Neurospora crassa linkage group IV,80.08,Neurospora crassa contig 3.462,39874,43560,3687,-,"168864"
arg-3,Neurospora crassa linkage group I,-14.66,Neurospora crassa contig 3.138,117942,118334,393,-,"4219917"
arg-4,Neurospora crassa linkage group V,,Neurospora crassa contig 3.51,11089,12475,1387,-,""
arg-5,Neurospora crassa linkage group II,10.41,,0,0,0,,""
arg-6,Neurospora crassa linkage group I,304.85,Neurospora crassa contig 3.22,84312,90020,5709,+,"1438871"
aro-1,Neurospora crassa linkage group II,72.74,,0,0,0,,""
aro-3,Neurospora crassa linkage group II,22.45,Neurospora crassa contig 3.308,6112,7598,1487,-,"976374"
aro-6,Neurospora crassa linkage group VI,-88.04,,0,0,0,,""
aro-7,Neurospora crassa linkage group I,,,0,0,0,,""
aro-8,Neurospora crassa linkage group I,464.64,,0,0,0,,""
ars-1,Neurospora crassa linkage group VII,,Neurospora crassa contig 3.351,1813,5574,3762,+,"2873362"
asc(DL243),Neurospora crassa linkage group IV,,,0,0,0,,""
asc(DL879),Neurospora crassa linkage group II,,,0,0,0,,""
asc(DL95),Neurospora crassa linkage group IV,,,0,0,0,,""
asd-1,Neurospora crassa linkage group VI,,Neurospora crassa contig 3.312,200453,203152,2700,-,"1763097"
asd-2,Neurospora crassa linkage group VII,,,0,0,0,,""
asd-3,Neurospora crassa linkage group VI,,Neurospora crassa contig 3.312,198392,201092,2701,+,"4959715"
asn,Neurospora crassa linkage group V,281.14,Neurospora crassa contig 3.223,1948,3685,1738,+,""
asp,Neurospora crassa linkage group V,6.73,,0,0,0,,""
at,Neurospora crassa linkage group V,-3.9,,0,0,0,,""
atp-1,Neurospora crassa linkage group I,,Neurospora crassa contig 3.133,34671,38852,4182,-,"168758"
atp-2,Neurospora crassa linkage group II,,Neurospora crassa contig 3.308,33347,37097,3751,+,"168762"
atr-1,Neurospora crassa linkage group I,,,0,0,0,,""
aza-1,Neurospora crassa linkage group I,,,0,0,0,,""
aza-2,Neurospora crassa linkage group I,,,0,0,0,,""
aza-3,Neurospora crassa linkage group III,,,0,0,0,,""
bal,Neurospora crassa linkage group II,-4.76,,0,0,0,,""
bd,Neurospora crassa linkage group IV,210.41,,0,0,0,,""
bld,Neurospora crassa linkage group IV,,,0,0,0,,""
bli-3,Neurospora crassa linkage group IV,,Neurospora crassa contig 3.421,46510,49101,2592,-,"602074"
bli-4,Neurospora crassa linkage group II,,Neurospora crassa contig 3.541,10742,13490,2749,+,"1620434"
bn,Neurospora crassa linkage group VII,,,0,0,0,,""
bs-1,Neurospora crassa linkage group I,,,0,0,0,,""
ca-1,Neurospora crassa linkage group I,,,0,0,0,,""
ca-3,Neurospora crassa linkage group I,,,0,0,0,,""
caf-1,Neurospora crassa linkage group V,-65.94,,0,0,0,,""
car,Neurospora crassa linkage group IV,,,0,0,0,,""
cat-1,Neurospora crassa linkage group III,,,0,0,0,,"4220359"
cat-2,Neurospora crassa linkage group VII,,,0,0,0,,""
cat-3,Neurospora crassa linkage group III,,,0,0,0,,""
cax,Neurospora crassa linkage group VI,,Neurospora crassa contig 3.413,63938,66288,2351,+,"2995846"
ccg-1,Neurospora crassa linkage group V,,Neurospora crassa contig 3.202,19950,21736,1787,-,"3013"
ccg-4,Neurospora crassa linkage group I,,Neurospora crassa contig 3.132,129152,131006,1855,-,"3746900 1184780"
ccg-6,Neurospora crassa linkage group V,,Neurospora crassa contig 3.57,8350,10446,2097,-,"1184783 3746898"
ccg-8,Neurospora crassa linkage group V,,Neurospora crassa contig 3.629,11660,15179,3520,-,"1184785 3746896"
ccg-9,Neurospora crassa linkage group VII,,Neurospora crassa contig 3.619,4232,7204,2973,-,"1184787 3746894"
cdr-1,Neurospora crassa linkage group II,,,0,0,0,,""
cdr-2,Neurospora crassa linkage group VII,,,0,0,0,,""
cel-1,Neurospora crassa linkage group IV,,,0,0,0,,""
cel-2,Neurospora crassa linkage group IV,,,0,0,0,,""
cfp,Neurospora crassa linkage group VII,,Neurospora crassa contig 3.103,18586,22345,3760,-,"293947 1655908"
cfs(OY305),Neurospora crassa linkage group I,,,0,0,0,,""
cfs(OY306),Neurospora crassa linkage group I,,,0,0,0,,""
cfs(OY307),Neurospora crassa linkage group I,,,0,0,0,,""
chol-1,Neurospora crassa linkage group IV,,Neurospora crassa contig 3.481,247105,249568,2464,-,""
chol-2,Neurospora crassa linkage group VI,-213.1,Neurospora crassa contig 3.257,21794,22276,483,+,""
chol-3,Neurospora crassa linkage group V,,,0,0,0,,""
chol-4,Neurospora crassa linkage group IV,,,0,0,0,,""
chr,Neurospora crassa linkage group VI,,,0,0,0,,""
chs-1,Neurospora crassa linkage group V,,Neurospora crassa contig 3.199,71623,75995,4373,-,"168772"
chs-2,Neurospora crassa linkage group IV,,Neurospora crassa contig 3.295,19690,23118,3429,+,"558230"
chs-3,Neurospora crassa linkage group V,,Neurospora crassa contig 3.221,65684,69683,4000,-,"6002697"
chs-4,Neurospora crassa linkage group I,,Neurospora crassa contig 3.585,36109,41112,5004,+,"793937"
chs-5,Neurospora crassa linkage group IV,,,0,0,0,,""
cit-1,Neurospora crassa linkage group II,,Neurospora crassa contig 3.73,75172,77297,2126,-,"168774"
cit-2,Neurospora crassa linkage group V,,,0,0,0,,""
cl,Neurospora crassa linkage group V,,,0,0,0,,""
cmd,Neurospora crassa linkage group V,,Neurospora crassa contig 3.217,53714,53927,214,+,"168776"
cmt,Neurospora crassa linkage group VI,,Neurospora crassa contig 3.312,67312,68230,919,-,"2986"
cna,Neurospora crassa linkage group V,,Neurospora crassa contig 3.203,56042,58739,2698,+,"168768"
cnr,Neurospora crassa linkage group I,316.82,,0,0,0,,""
cog,Neurospora crassa linkage group I,41.28,,0,0,0,,""
coil,Neurospora crassa linkage group IV,,,0,0,0,,""
col-1,Neurospora crassa linkage group IV,,,0,0,0,,""
col-10,Neurospora crassa linkage group II,-147.22,,0,0,0,,""
col-12,Neurospora crassa linkage group I,,,0,0,0,,""
col-16,Neurospora crassa linkage group III,60.17,,0,0,0,,""
col-17,Neurospora crassa linkage group VII,,,0,0,0,,""
col-18,Neurospora crassa linkage group VI,120.15,,0,0,0,,""
col-2,Neurospora crassa linkage group VII,,,0,0,0,,""
col-4,Neurospora crassa linkage group IV,75.14,,0,0,0,,""
col-5,Neurospora crassa linkage group IV,,,0,0,0,,""
col-6,Neurospora crassa linkage group IV,,,0,0,0,,""
col-8,Neurospora crassa linkage group IV,,,0,0,0,,""
col-9,Neurospora crassa linkage group V,,,0,0,0,,""
com,Neurospora crassa linkage group III,49.21,,0,0,0,,""
con-1,Neurospora crassa linkage group III,,,0,0,0,,""
con-10,Neurospora crassa linkage group IV,,Neurospora crassa contig 3.423,84429,86954,2526,+,"168782"
con-11,Neurospora crassa linkage group VI,,,0,0,0,,""
con-13,Neurospora crassa linkage group IV,,Neurospora crassa contig 3.423,82300,85027,2728,+,"168770"
con-2,Neurospora crassa linkage group V,,,0,0,0,,""
con-3,Neurospora crassa linkage group VI,,,0,0,0,,""
con-4a,Neurospora crassa linkage group V,,,0,0,0,,""
con-4b,Neurospora crassa linkage group V,,,0,0,0,,""
con-5,Neurospora crassa linkage group IV,,,0,0,0,,""
con-6,Neurospora crassa linkage group II,,Neurospora crassa contig 3.543,2555,4361,1807,-,"415713"
con-7,Neurospora crassa linkage group III,,,0,0,0,,""
con-8,Neurospora crassa linkage group I,,Neurospora crassa contig 3.578,17302,19979,2678,+,"2988"
con-9,Neurospora crassa linkage group IV,,,0,0,0,,""
cor-1,Neurospora crassa linkage group III,,,0,0,0,,""
cot-1,Neurospora crassa linkage group IV,170.2,Neurospora crassa contig 3.422,56175,58711,2537,+,"1870018"
cot-2,Neurospora crassa linkage group V,213.74,,0,0,0,,""
cot-3,Neurospora crassa linkage group IV,,,0,0,0,,""
cot-4,Neurospora crassa linkage group V,,,0,0,0,,""
cot-5,Neurospora crassa linkage group II,-74.59,,0,0,0,,""
cox-4,Neurospora crassa linkage group III,,,0,0,0,,"168786"
cox-6,Neurospora crassa linkage group V,,,0,0,0,,"168790"
cox-8,Neurospora crassa linkage group VII,,,0,0,0,,""
cpc-1,Neurospora crassa linkage group VI,-18.32,Neurospora crassa contig 3.214,179983,182684,2702,+,"168792"
cpc-2,Neurospora crassa linkage group VII,,Neurospora crassa contig 3.331,134169,138156,3988,+,"971565"
cpc-3,Neurospora crassa linkage group V,,Neurospora crassa contig 3.45,100350,105887,5538,+,"3355627"
cpd-1,Neurospora crassa linkage group IV,,,0,0,0,,""
cpd-2,Neurospora crassa linkage group I,,,0,0,0,,""
cpd-3,Neurospora crassa linkage group I,,,0,0,0,,""
cpd-4,Neurospora crassa linkage group II,,,0,0,0,,""
cpk,Neurospora crassa linkage group III,,,0,0,0,,""
cpl-1,Neurospora crassa linkage group VI,-103.39,,0,0,0,,""
cpt,Neurospora crassa linkage group II,27.34,,0,0,0,,""
cr-1,Neurospora crassa linkage group I,116.95,Neurospora crassa contig 3.501,151515,162086,10572,+,"217975"
cr-2,Neurospora crassa linkage group I,,,0,0,0,,""
cr-3,Neurospora crassa linkage group I,,,0,0,0,,""
cr-4,Neurospora crassa linkage group IV,,,0,0,0,,""
cr-5,Neurospora crassa linkage group III,,,0,0,0,,""
cre-1,Neurospora crassa linkage group IV,,Neurospora crassa contig 3.546,37363,38655,1293,+,"3046970"
crib(PJ31562),Neurospora crassa linkage group IV,,,0,0,0,,""
crib-1,Neurospora crassa linkage group IV,,,0,0,0,,""
crp(S7),Neurospora crassa linkage group III,,Neurospora crassa contig 3.12,130226,132029,1804,-,"2737907"
crp-2,Neurospora crassa linkage group III,,Neurospora crassa contig 3.471,35454,36786,1333,+,"2994"
crp-3,Neurospora crassa linkage group IV,,Neurospora crassa contig 3.408,21017,22730,1714,-,"168795"
crp-4,Neurospora crassa linkage group V,,Neurospora crassa contig 3.224,2043,4570,2528,-,"3003043"
crp-7,Neurospora crassa linkage group I,,Neurospora crassa contig 3.531,59603,61170,1568,-,"4001662"
csh,Neurospora crassa linkage group I,,,0,0,0,,""
csp-1,Neurospora crassa linkage group I,-10.91,,0,0,0,,""
csp-2,Neurospora crassa linkage group VII,-27.94,,0,0,0,,""
csr-1,Neurospora crassa linkage group I,,Neurospora crassa contig 3.25,2572,5266,2695,+,"168805 2998"
cum,Neurospora crassa linkage group III,-74.97,,0,0,0,,""
cut,Neurospora crassa linkage group IV,-45.82,,0,0,0,,""
cwl-1,Neurospora crassa linkage group II,,,0,0,0,,""
cwl-2,Neurospora crassa linkage group II,,,0,0,0,,""
cy,Neurospora crassa linkage group I,,,0,0,0,,""
cya-1,Neurospora crassa linkage group I,,,0,0,0,,""
cya-2,Neurospora crassa linkage group V,,,0,0,0,,""
cya-3,Neurospora crassa linkage group VI,,,0,0,0,,""
cya-4,Neurospora crassa linkage group II,,Neurospora crassa contig 3.310,19239,21096,1858,-,"168788 341160"
cya-5,Neurospora crassa linkage group IV,,Neurospora crassa contig 3.538,20603,25435,4833,-,"2183239"
cya-6,Neurospora crassa linkage group IV,,,0,0,0,,""
cya-7,Neurospora crassa linkage group V,,,0,0,0,,""
cya-8,Neurospora crassa linkage group VII,-193.79,,0,0,0,,""
cya-9,Neurospora crassa linkage group IV,,,0,0,0,,""
cyb-1,Neurospora crassa linkage group V,,,0,0,0,,""
cyb-3,Neurospora crassa linkage group II,,,0,0,0,,""
cyc-1,Neurospora crassa linkage group II,,Neurospora crassa contig 3.77,53846,54132,287,+,"3009"
cyh-1,Neurospora crassa linkage group I,262.84,,0,0,0,,""
cyh-2,Neurospora crassa linkage group V,75.32,Neurospora crassa contig 3.203,60997,63211,2215,-,"2990"
cys-1,Neurospora crassa linkage group VI,-56.56,,0,0,0,,""
cys-10,Neurospora crassa linkage group IV,-128.88,,0,0,0,,""
cys-11,Neurospora crassa linkage group I,,,0,0,0,,""
cys-12,Neurospora crassa linkage group I,,,0,0,0,,""
cys-13,Neurospora crassa linkage group I,,,0,0,0,,""
cys-14,Neurospora crassa linkage group IV,,Neurospora crassa contig 3.228,200972,204714,3743,-,"168910"
cys-15,Neurospora crassa linkage group IV,48.82,,0,0,0,,""
cys-2,Neurospora crassa linkage group VI,-59,,0,0,0,,""
cys-3,Neurospora crassa linkage group II,-129.93,Neurospora crassa contig 3.189,64001,66030,2030,-,"168807"
cys-4,Neurospora crassa linkage group IV,296.31,,0,0,0,,""
cys-5,Neurospora crassa linkage group I,-76.2,Neurospora crassa contig 3.88,70802,71557,756,+,""
cys-9,Neurospora crassa linkage group I,130.73,Neurospora crassa contig 3.501,66222,68646,2425,-,"757509"
cyt-1,Neurospora crassa linkage group I,-107.97,Neurospora crassa contig 3.667,3816,4522,707,-,"3005"
cyt-15,Neurospora crassa linkage group VI,,,0,0,0,,""
cyt-18,Neurospora crassa linkage group I,,Neurospora crassa contig 3.153,212918,215529,2612,-,"168923"
cyt-19,Neurospora crassa linkage group IV,86.21,,0,0,0,,""
cyt-2,Neurospora crassa linkage group VI,,Neurospora crassa contig 3.312,211242,213562,2321,+,"168803"
cyt-20,Neurospora crassa linkage group I,,Neurospora crassa contig 3.87,17423,21558,4136,+,"168931"
cyt-21,Neurospora crassa linkage group I,-257.84,Neurospora crassa contig 3.484,81485,83080,1596,+,"168809 168809"
cyt-22,Neurospora crassa linkage group III,,,0,0,0,,""
cyt-25,Neurospora crassa linkage group VI,,,0,0,0,,""
cyt-4,Neurospora crassa linkage group I,,Neurospora crassa contig 3.586,6167,10806,4640,+,"168862"
cyt-5,Neurospora crassa linkage group IV,,Neurospora crassa contig 3.366,75978,80816,4839,-,"438812"
cyt-6,Neurospora crassa linkage group VII,,,0,0,0,,""
cyt-7,Neurospora crassa linkage group VII,-165.21,,0,0,0,,""
cyt-8,Neurospora crassa linkage group III,,,0,0,0,,""
cyt-9,Neurospora crassa linkage group V,-9.5,,0,0,0,,""
da,Neurospora crassa linkage group II,,,0,0,0,,""
del,Neurospora crassa linkage group VI,43.41,,0,0,0,,""
dgr-1,Neurospora crassa linkage group V,-93.44,,0,0,0,,""
dgr-2,Neurospora crassa linkage group I,,,0,0,0,,""
dgr-4,Neurospora crassa linkage group I,,,0,0,0,,""
dim-1,Neurospora crassa linkage group III,,,0,0,0,,""
dim-2,Neurospora crassa linkage group VII,35.3,,0,0,0,,""
dim-3,Neurospora crassa linkage group V,,,0,0,0,,""
dim-4,Neurospora crassa linkage group II,,,0,0,0,,""
dn,Neurospora crassa linkage group IV,,,0,0,0,,""
do,Neurospora crassa linkage group VII,-110.18,,0,0,0,,""
dot,Neurospora crassa linkage group I,,,0,0,0,,""
dow,Neurospora crassa linkage group III,247.83,,0,0,0,,""
dr,Neurospora crassa linkage group VII,,,0,0,0,,""
eas,Neurospora crassa linkage group II,138.36,Neurospora crassa contig 3.510,31029,34150,3122,-,"296383 2983"
eat-1,Neurospora crassa linkage group I,,Neurospora crassa contig 3.86,71127,72559,1433,-,"3093752"
eat-2,Neurospora crassa linkage group I,,Neurospora crassa contig 3.86,68284,73472,5189,-,"3093753"
eat-3,Neurospora crassa linkage group I,,,0,0,0,,""
eat-4,Neurospora crassa linkage group I,,,0,0,0,,""
eat-5,Neurospora crassa linkage group I,,,0,0,0,,""
eat-6,Neurospora crassa linkage group I,,,0,0,0,,""
edr-1,Neurospora crassa linkage group VI,,,0,0,0,,""
edr-2,Neurospora crassa linkage group VI,,,0,0,0,,""
en(am)-1,Neurospora crassa linkage group V,,,0,0,0,,""
en(am)-2,Neurospora crassa linkage group II,,,0,0,0,,""
erg-1,Neurospora crassa linkage group V,,Neurospora crassa contig 3.217,162056,164607,2552,+,"1575319"
erg-2,Neurospora crassa linkage group V,,,0,0,0,,""
erg-3,Neurospora crassa linkage group III,271.46,Neurospora crassa contig 3.542,33371,35392,2022,+,"473245"
erg-4,Neurospora crassa linkage group I,,,0,0,0,,""
esr-1,Neurospora crassa linkage group V,,,0,0,0,,""
esr-2,Neurospora crassa linkage group I,,,0,0,0,,""
eth-1,Neurospora crassa linkage group I,-18.15,Neurospora crassa contig 3.138,35458,37222,1765,-,"882334"
exo-1,Neurospora crassa linkage group I,,,0,0,0,,""
fdh,Neurospora crassa linkage group V,,Neurospora crassa contig 3.203,79914,83513,3600,+,"293949"
fdu-2,Neurospora crassa linkage group IV,,,0,0,0,,""
ff-1,Neurospora crassa linkage group II,88.26,,0,0,0,,""
ff-3,Neurospora crassa linkage group I,,,0,0,0,,""
ff-5,Neurospora crassa linkage group III,37.95,,0,0,0,,""
ff-6,Neurospora crassa linkage group III,,,0,0,0,,""
fi,Neurospora crassa linkage group IV,-24.65,,0,0,0,,""
fkr-1,Neurospora crassa linkage group V,,,0,0,0,,""
fkr-2,Neurospora crassa linkage group V,,Neurospora crassa contig 3.217,112900,113392,493,-,"288227"
fl,Neurospora crassa linkage group II,162.3,Neurospora crassa contig 3.541,93714,98362,4649,-,"2511738"
fld,Neurospora crassa linkage group IV,,,0,0,0,,""
fls,Neurospora crassa linkage group I,,,0,0,0,,""
fmf-1,Neurospora crassa linkage group I,,,0,0,0,,""
for,Neurospora crassa linkage group VII,55.23,Neurospora crassa contig 3.108,96922,99781,2860,+,"168906"
fpr-1,Neurospora crassa linkage group V,,,0,0,0,,""
fpr-3,Neurospora crassa linkage group III,,,0,0,0,,""
fpr-4,Neurospora crassa linkage group V,,,0,0,0,,""
fpr-5,Neurospora crassa linkage group I,,,0,0,0,,""
fpr-6,Neurospora crassa linkage group VI,,,0,0,0,,""
fr,Neurospora crassa linkage group I,-207.08,Neurospora crassa contig 3.439,16544,19198,2655,-,"4063001"
frq,Neurospora crassa linkage group VII,60.61,Neurospora crassa contig 3.108,63396,68027,4632,-,"595951"
fs-2,Neurospora crassa linkage group II,,,0,0,0,,""
fs-3,Neurospora crassa linkage group I,,,0,0,0,,""
fs-n,Neurospora crassa linkage group I,,,0,0,0,,""
gap-1,Neurospora crassa linkage group I,,,0,0,0,,""
gdh-1,Neurospora crassa linkage group VI,,,0,0,0,,""
gla-2,Neurospora crassa linkage group I,,,0,0,0,,""
gln-1,Neurospora crassa linkage group V,,,0,0,0,,""
glp-1,Neurospora crassa linkage group I,,,0,0,0,,""
glp-2,Neurospora crassa linkage group II,,Neurospora crassa contig 3.310,13871,15523,1653,-,""
glp-4,Neurospora crassa linkage group VI,,,0,0,0,,""
glp-5,Neurospora crassa linkage group I,,,0,0,0,,""
glp-6,Neurospora crassa linkage group V,,,0,0,0,,""
gluc-1,Neurospora crassa linkage group III,,,0,0,0,,""
gna-1,Neurospora crassa linkage group III,,Neurospora crassa contig 3.372,66298,71472,5175,-,"1698499"
gna-2,Neurospora crassa linkage group V,,Neurospora crassa contig 3.372,68406,69364,959,-,"168815"
gna-3,Neurospora crassa linkage group IV,,,0,0,0,,""
gnb-1,Neurospora crassa linkage group III,,,0,0,0,,""
gpd-1,Neurospora crassa linkage group II,,Neurospora crassa contig 3.64,89475,91563,2089,-,"1326236 1532188"
gpi-1,Neurospora crassa linkage group IV,,Neurospora crassa contig 3.422,8292,10014,1723,+,""
gran,Neurospora crassa linkage group V,,,0,0,0,,""
grey,Neurospora crassa linkage group IV,,,0,0,0,,""
grp78,Neurospora crassa linkage group I,,Neurospora crassa contig 3.213,35386,39796,4411,+,"3004455"
gsp,Neurospora crassa linkage group I,,,0,0,0,,""
gua-1,Neurospora crassa linkage group I,,,0,0,0,,""
gua-2,Neurospora crassa linkage group IV,,,0,0,0,,""
gul-1,Neurospora crassa linkage group V,125.39,,0,0,0,,""
gul-3,Neurospora crassa linkage group IV,,,0,0,0,,""
gul-4,Neurospora crassa linkage group VII,,,0,0,0,,""
gul-5,Neurospora crassa linkage group VI,,,0,0,0,,""
hH1,Neurospora crassa linkage group VII,,,0,0,0,,""
hH2A,Neurospora crassa linkage group VII,,Neurospora crassa contig 3.119,11063,11355,293,+,"4220269"
hH2B,Neurospora crassa linkage group VII,,,0,0,0,,""
hH3,Neurospora crassa linkage group II,,Neurospora crassa contig 3.71,23313,23991,679,+,"3015"
hH4-1,Neurospora crassa linkage group II,,Neurospora crassa contig 3.71,20778,21528,751,-,"3017"
hH4-2,Neurospora crassa linkage group III,,,0,0,0,,""
hah,Neurospora crassa linkage group V,,,0,0,0,,""
hbs,Neurospora crassa linkage group II,,,0,0,0,,""
hda-2,Neurospora crassa linkage group I,,,0,0,0,,""
het-10,Neurospora crassa linkage group VII,,,0,0,0,,""
het-12,Neurospora crassa linkage group V,,,0,0,0,,""
het-5,Neurospora crassa linkage group I,487.99,,0,0,0,,""
het-6,Neurospora crassa linkage group II,-101.1,,0,0,0,,""
het-7,Neurospora crassa linkage group III,219.6,,0,0,0,,""
het-8,Neurospora crassa linkage group VI,-136.02,,0,0,0,,""
het-9,Neurospora crassa linkage group VI,,,0,0,0,,""
het-c,Neurospora crassa linkage group II,-68.2,Neurospora crassa contig 3.185,19326,23217,3892,+,"1261822"
het-d,Neurospora crassa linkage group II,,,0,0,0,,""
het-e,Neurospora crassa linkage group VII,-151.19,,0,0,0,,""
hex-1,Neurospora crassa linkage group I,,,0,0,0,,""
hgu-4,Neurospora crassa linkage group V,,,0,0,0,,""
his-1,Neurospora crassa linkage group V,134.26,Neurospora crassa contig 3.51,23659,24392,734,-,""
his-2,Neurospora crassa linkage group I,22.23,,0,0,0,,""
his-3,Neurospora crassa linkage group I,37.75,Neurospora crassa contig 3.165,24223,27289,3067,+,"2853022 2853024 168817"
his-4,Neurospora crassa linkage group IV,184.48,Neurospora crassa contig 3.367,83230,84494,1265,+,""
his-5,Neurospora crassa linkage group IV,96.09,,0,0,0,,""
his-6,Neurospora crassa linkage group V,333.05,,0,0,0,,""
his-7,Neurospora crassa linkage group III,85.75,Neurospora crassa contig 3.416,31348,31953,606,+,"4241956"
hlp-1,Neurospora crassa linkage group VII,,,0,0,0,,""
hlp-2,Neurospora crassa linkage group VII,,,0,0,0,,""
hom,Neurospora crassa linkage group I,309.41,Neurospora crassa contig 3.212,135396,135646,251,+,"4220063"
hsp30,Neurospora crassa linkage group I,,Neurospora crassa contig 3.593,59,1959,1901,-,"168819 168819"
hsp70,Neurospora crassa linkage group II,-101.1,Neurospora crassa contig 3.623,1365,6224,4860,+,"607817"
hsp80,Neurospora crassa linkage group V,,Neurospora crassa contig 3.217,117511,118176,666,-,"4241664"
hspp-1,Neurospora crassa linkage group VI,,,0,0,0,,""
hss-1,Neurospora crassa linkage group IV,,,0,0,0,,""
htb-1,Neurospora crassa linkage group IV,,,0,0,0,,""
ile-1,Neurospora crassa linkage group VII,,,0,0,0,,""
ilv-1,Neurospora crassa linkage group V,45.17,,0,0,0,,""
ilv-2,Neurospora crassa linkage group V,46.75,Neurospora crassa contig 3.199,64537,67350,2814,-,"168821"
ilv-3,Neurospora crassa linkage group IV,131.59,,0,0,0,,""
inl,Neurospora crassa linkage group V,156.13,,0,0,0,,""
int,Neurospora crassa linkage group IV,,,0,0,0,,""
inv,Neurospora crassa linkage group V,261.59,,0,0,0,,""
ipa,Neurospora crassa linkage group I,,,0,0,0,,""
krev-1,Neurospora crassa linkage group I,,Neurospora crassa contig 3.101,71402,73628,2227,+,"3434936"
kyn-1,Neurospora crassa linkage group VII,,,0,0,0,,""
lacc,Neurospora crassa linkage group VII,-59.03,Neurospora crassa contig 3.231,78330,80740,2411,-,"168825 168827"
lah-1,Neurospora crassa linkage group I,-160.47,,0,0,0,,""
lao,Neurospora crassa linkage group III,,,0,0,0,,""
le-1,Neurospora crassa linkage group IV,,,0,0,0,,""
le-2,Neurospora crassa linkage group VII,,,0,0,0,,""
leu-1,Neurospora crassa linkage group III,63.86,Neurospora crassa contig 3.362,46974,49157,2184,-,"401715"
leu-2,Neurospora crassa linkage group IV,121.71,,0,0,0,,""
leu-3,Neurospora crassa linkage group I,-126.63,,0,0,0,,""
leu-4,Neurospora crassa linkage group I,-78.32,,0,0,0,,""
leu-5,Neurospora crassa linkage group V,88.37,Neurospora crassa contig 3.203,83109,86808,3700,-,"168829"
leu-6,Neurospora crassa linkage group II,,Neurospora crassa contig 3.605,6367,10566,4200,+,"168831 3020"
lgd,Neurospora crassa linkage group VI,,,0,0,0,,""
lis-1,Neurospora crassa linkage group I,,,0,0,0,,""
lis-2,Neurospora crassa linkage group VI,,,0,0,0,,""
lis-3,Neurospora crassa linkage group V,,,0,0,0,,""
lp,Neurospora crassa linkage group II,,,0,0,0,,""
lpl,Neurospora crassa linkage group I,,Neurospora crassa contig 3.165,30754,32901,2148,+,"2895859 2895861"
lys-1,Neurospora crassa linkage group V,-19.78,,0,0,0,,""
lys-2,Neurospora crassa linkage group V,73.2,,0,0,0,,""
lys-3,Neurospora crassa linkage group I,349.08,,0,0,0,,""
lys-4,Neurospora crassa linkage group I,32.81,,0,0,0,,""
lys-5,Neurospora crassa linkage group VI,-80.94,,0,0,0,,""
lysR,Neurospora crassa linkage group I,,,0,0,0,,""
ma-2,Neurospora crassa linkage group II,,,0,0,0,,""
mad-1,Neurospora crassa linkage group I,,,0,0,0,,""
mak-2,Neurospora crassa linkage group VII,,,0,0,0,,""
mat,Neurospora crassa linkage group I,-68.49,,0,0,0,,""
mat A,Neurospora crassa linkage group I,,,0,0,0,,""
mat A-1,Neurospora crassa linkage group I,,Neurospora crassa contig 3.87,8,3665,3658,-,"1040678"
mat A-2,Neurospora crassa linkage group I,,,0,0,0,,""
mat A-3,Neurospora crassa linkage group I,,,0,0,0,,""
mat a,Neurospora crassa linkage group I,,,0,0,0,,""
mat a-1,Neurospora crassa linkage group I,,Neurospora crassa contig 3.86,72656,74120,1465,+,"293953"
mb-1,Neurospora crassa linkage group VII,,,0,0,0,,""
mb-2,Neurospora crassa linkage group I,,,0,0,0,,""
mb-3,Neurospora crassa linkage group I,,,0,0,0,,""
mcb,Neurospora crassa linkage group V,,Neurospora crassa contig 3.45,35857,39121,3265,+,"1322069"
mcm,Neurospora crassa linkage group II,-149.78,,0,0,0,,""
md,Neurospora crassa linkage group V,,,0,0,0,,""
mea-1,Neurospora crassa linkage group I,,,0,0,0,,""
med,Neurospora crassa linkage group IV,,,0,0,0,,""
mei-1,Neurospora crassa linkage group IV,,,0,0,0,,""
mei-2,Neurospora crassa linkage group V,,,0,0,0,,""
mei-3,Neurospora crassa linkage group I,,Neurospora crassa contig 3.139,101696,105234,3539,+,"1339941 468362"
mei-4,Neurospora crassa linkage group III,,,0,0,0,,""
mel-1,Neurospora crassa linkage group VII,,,0,0,0,,""
mel-3,Neurospora crassa linkage group III,,,0,0,0,,""
mep(10),Neurospora crassa linkage group I,,,0,0,0,,""
mep(3),Neurospora crassa linkage group I,,,0,0,0,,""
met-1,Neurospora crassa linkage group IV,58.72,,0,0,0,,""
met-10,Neurospora crassa linkage group I,31.07,Neurospora crassa contig 3.584,26515,31390,4876,-,"773385"
met-2,Neurospora crassa linkage group IV,,,0,0,0,,""
met-3,Neurospora crassa linkage group V,180.29,,0,0,0,,""
met-5,Neurospora crassa linkage group IV,197.18,,0,0,0,,""
met-6,Neurospora crassa linkage group I,185.59,Neurospora crassa contig 3.32,102208,105654,3447,+,"2226060"
met-7,Neurospora crassa linkage group VII,5.58,Neurospora crassa contig 3.118,9361,11092,1732,+,"168835"
met-8,Neurospora crassa linkage group III,47.8,,0,0,0,,""
met-9,Neurospora crassa linkage group VII,7.3,,0,0,0,,""
mfa-1,Neurospora crassa linkage group V,,,0,0,0,,""
mgk-1,Neurospora crassa linkage group III,,,0,0,0,,""
mip-1,Neurospora crassa linkage group III,,Neurospora crassa contig 3.12,205520,209887,4368,+,"4455006"
mlh-1,Neurospora crassa linkage group IV,,,0,0,0,,""
mo-1,Neurospora crassa linkage group I,,,0,0,0,,""
mo-2,Neurospora crassa linkage group VII,,,0,0,0,,""
mo-4,Neurospora crassa linkage group III,,,0,0,0,,""
mo-5,Neurospora crassa linkage group I,,,0,0,0,,""
mod(pr),Neurospora crassa linkage group III,,,0,0,0,,""
mod(sc),Neurospora crassa linkage group IV,,,0,0,0,,""
mod-5,Neurospora crassa linkage group VI,,,0,0,0,,""
moe-2,Neurospora crassa linkage group VI,,,0,0,0,,""
moe-3,Neurospora crassa linkage group IV,,,0,0,0,,""
msh-1,Neurospora crassa linkage group I,,,0,0,0,,""
msh-2,Neurospora crassa linkage group VII,,Neurospora crassa contig 3.106,38223,42003,3781,-,"2606087"
msk-1,Neurospora crassa linkage group I,,,0,0,0,,""
mtr,Neurospora crassa linkage group IV,,Neurospora crassa contig 3.382,94083,96580,2498,-,"510706 245325"
mus(SA6),Neurospora crassa linkage group III,,,0,0,0,,""
mus(SC17),Neurospora crassa linkage group V,,,0,0,0,,""
mus-10,Neurospora crassa linkage group VII,,,0,0,0,,""
mus-11,Neurospora crassa linkage group V,255.99,,0,0,0,,""
mus-12,Neurospora crassa linkage group V,,,0,0,0,,""
mus-13,Neurospora crassa linkage group I,,,0,0,0,,""
mus-14,Neurospora crassa linkage group VI,,,0,0,0,,""
mus-15,Neurospora crassa linkage group I,,,0,0,0,,""
mus-16,Neurospora crassa linkage group V,-46.56,,0,0,0,,""
mus-17,Neurospora crassa linkage group IV,,,0,0,0,,""
mus-18,Neurospora crassa linkage group V,-123.6,Neurospora crassa contig 3.550,28688,31200,2513,+,"4210460"
mus-19,Neurospora crassa linkage group I,,,0,0,0,,""
mus-20,Neurospora crassa linkage group III,,,0,0,0,,""
mus-21,Neurospora crassa linkage group III,,,0,0,0,,""
mus-22,Neurospora crassa linkage group I,,,0,0,0,,""
mus-23,Neurospora crassa linkage group II,168.34,Neurospora crassa contig 3.541,103219,106929,3711,-,"3434964"
mus-24,Neurospora crassa linkage group II,,,0,0,0,,""
mus-25,Neurospora crassa linkage group VII,,,0,0,0,,""
mus-26,Neurospora crassa linkage group IV,67.03,,0,0,0,,""
mus-27,Neurospora crassa linkage group II,,,0,0,0,,""
mus-28,Neurospora crassa linkage group V,,,0,0,0,,""
mus-29,Neurospora crassa linkage group VI,,,0,0,0,,""
mus-30,Neurospora crassa linkage group IV,,,0,0,0,,""
mus-31,Neurospora crassa linkage group I,,,0,0,0,,""
mus-32,Neurospora crassa linkage group I,,,0,0,0,,""
mus-33,Neurospora crassa linkage group VII,,,0,0,0,,""
mus-34,Neurospora crassa linkage group V,,,0,0,0,,""
mus-35,Neurospora crassa linkage group VII,,,0,0,0,,""
mus-36,Neurospora crassa linkage group IV,,,0,0,0,,""
mus-37,Neurospora crassa linkage group V,,,0,0,0,,""
mus-38,Neurospora crassa linkage group I,,Neurospora crassa contig 3.434,48307,53197,4891,+,"3219303"
mus-39,Neurospora crassa linkage group VI,,,0,0,0,,""
mus-40,Neurospora crassa linkage group I,-239.71,,0,0,0,,""
mus-7,Neurospora crassa linkage group II,,,0,0,0,,""
mus-8,Neurospora crassa linkage group I,,Neurospora crassa contig 3.634,26128,28144,2017,-,"1100728"
mus-9,Neurospora crassa linkage group I,,,0,0,0,,""
mut-1,Neurospora crassa linkage group IV,,,0,0,0,,""
nada,Neurospora crassa linkage group IV,,,0,0,0,,""
nap,Neurospora crassa linkage group V,,Neurospora crassa contig 3.187,18734,20697,1964,-,"2197047"
nd,Neurospora crassa linkage group I,144.99,,0,0,0,,""
ndc-1,Neurospora crassa linkage group V,,,0,0,0,,""
ndp64,Neurospora crassa linkage group IV,,Neurospora crassa contig 3.294,23175,25249,2075,+,"4753820"
nic-1,Neurospora crassa linkage group I,358.47,,0,0,0,,""
nic-2,Neurospora crassa linkage group I,75.12,,0,0,0,,""
nic-3,Neurospora crassa linkage group VII,-95.72,,0,0,0,,""
nik-2,Neurospora crassa linkage group II,,,0,0,0,,""
nit-1,Neurospora crassa linkage group I,243.26,,0,0,0,,""
nit-2,Neurospora crassa linkage group I,-180.96,Neurospora crassa contig 3.567,21237,26340,5104,+,"1431684"
nit-3,Neurospora crassa linkage group IV,242.21,Neurospora crassa contig 3.301,40092,43225,3134,+,"3037"
nit-4,Neurospora crassa linkage group IV,,Neurospora crassa contig 3.499,18570,22077,3508,-,"168848"
nit-6,Neurospora crassa linkage group VI,-191.91,Neurospora crassa contig 3.260,16545,20601,4057,-,"168850"
nit-7,Neurospora crassa linkage group III,190.88,,0,0,0,,""
nit-8,Neurospora crassa linkage group I,,,0,0,0,,""
nit-9,Neurospora crassa linkage group IV,,,0,0,0,,""
nmr,Neurospora crassa linkage group V,,Neurospora crassa contig 3.217,170335,170972,638,+,"238595"
nop-1,Neurospora crassa linkage group VII,,Neurospora crassa contig 3.759,2,3711,3710,+,"5565891"
nrc-2,Neurospora crassa linkage group II,,Neurospora crassa contig 3.77,25251,27489,2239,+,"2654105"
nt,Neurospora crassa linkage group VII,138.67,,0,0,0,,""
nuc-1,Neurospora crassa linkage group I,27.16,Neurospora crassa contig 3.584,37239,40616,3378,-,"168851"
nuc-2,Neurospora crassa linkage group II,46.26,Neurospora crassa contig 3.81,6144,11550,5407,-,"1399531"
nuc-3,Neurospora crassa linkage group II,,,0,0,0,,""
nuc-4,Neurospora crassa linkage group II,,,0,0,0,,""
nuc-5,Neurospora crassa linkage group II,,,0,0,0,,""
nuc-6,Neurospora crassa linkage group II,,,0,0,0,,""
nuc-7,Neurospora crassa linkage group II,,,0,0,0,,""
nuh-1,Neurospora crassa linkage group III,,,0,0,0,,""
nuh-10,Neurospora crassa linkage group VI,,,0,0,0,,""
nuh-2,Neurospora crassa linkage group III,,,0,0,0,,""
nuh-3,Neurospora crassa linkage group V,,,0,0,0,,""
nuh-5,Neurospora crassa linkage group II,,,0,0,0,,""
nuh-6,Neurospora crassa linkage group I,,,0,0,0,,""
nuh-8,Neurospora crassa linkage group I,,,0,0,0,,""
nuh-9,Neurospora crassa linkage group II,,,0,0,0,,""
nuo12.3,Neurospora crassa linkage group I,,Neurospora crassa contig 3.162,19071,19883,813,+,"3039"
nuo19.3,Neurospora crassa linkage group VI,,Neurospora crassa contig 3.212,187734,188436,703,-,"2764631"
nuo20.8,Neurospora crassa linkage group I,,Neurospora crassa contig 3.132,26257,27457,1201,-,"168780"
nuo21,Neurospora crassa linkage group IV,,Neurospora crassa contig 3.294,10589,11713,1125,+,"577596"
nuo21.3a,Neurospora crassa linkage group V,,Neurospora crassa contig 3.559,5079,5939,861,-,"168778"
nuo21.3c,Neurospora crassa linkage group VI,,Neurospora crassa contig 3.283,21195,22711,1517,-,"1246815"
nuo24,Neurospora crassa linkage group V,,Neurospora crassa contig 3.45,45959,47191,1233,-,"577594"
nuo29.9,Neurospora crassa linkage group IV,,Neurospora crassa contig 3.301,43647,44927,1281,+,"3043"
nuo30.4,Neurospora crassa linkage group VI,,,0,0,0,,""
nuo78,Neurospora crassa linkage group II,,Neurospora crassa contig 3.75,98039,101179,3141,+,"3033 556338"
oak,Neurospora crassa linkage group V,320.59,,0,0,0,,""
oli,Neurospora crassa linkage group VII,66.96,Neurospora crassa contig 3.108,20047,20824,778,+,"2981"
opi-1,Neurospora crassa linkage group IV,,,0,0,0,,""
os-1,Neurospora crassa linkage group I,409.93,Neurospora crassa contig 3.146,74555,79463,4909,-,"1354472 1262207"
os-10,Neurospora crassa linkage group IV,,,0,0,0,,""
os-11,Neurospora crassa linkage group III,,,0,0,0,,""
os-2,Neurospora crassa linkage group IV,,,0,0,0,,""
os-3,Neurospora crassa linkage group I,,,0,0,0,,""
os-4,Neurospora crassa linkage group I,9.04,,0,0,0,,""
os-5,Neurospora crassa linkage group I,296.89,,0,0,0,,""
os-8,Neurospora crassa linkage group III,105.15,,0,0,0,,""
os-9,Neurospora crassa linkage group VI,57.2,,0,0,0,,""
osr-1,Neurospora crassa linkage group IV,,,0,0,0,,""
osr-2,Neurospora crassa linkage group II,,,0,0,0,,""
ota,Neurospora crassa linkage group III,,,0,0,0,,""
oxD,Neurospora crassa linkage group IV,48.82,,0,0,0,,""
pa,Neurospora crassa linkage group I,,,0,0,0,,""
pab-1,Neurospora crassa linkage group V,166.84,,0,0,0,,""
pab-2,Neurospora crassa linkage group V,245.69,,0,0,0,,""
pan-1,Neurospora crassa linkage group IV,161.93,,0,0,0,,""
pan-2,Neurospora crassa linkage group VI,22.31,,0,0,0,,""
pat,Neurospora crassa linkage group I,,,0,0,0,,""
pcna,Neurospora crassa linkage group V,,,0,0,0,,""
pdx-1,Neurospora crassa linkage group IV,42.98,,0,0,0,,""
pe,Neurospora crassa linkage group II,58.94,,0,0,0,,""
pen-1,Neurospora crassa linkage group VII,,,0,0,0,,""
pep4,Neurospora crassa linkage group VII,,Neurospora crassa contig 3.108,93245,95592,2348,-,"1039444"
per-1,Neurospora crassa linkage group V,33.16,,0,0,0,,""
pex2,Neurospora crassa linkage group I,,,0,0,0,,""
pf,Neurospora crassa linkage group IV,,,0,0,0,,""
pfa-1,Neurospora crassa linkage group VII,,,0,0,0,,""
pfa-4,Neurospora crassa linkage group VII,,,0,0,0,,""
pgov,Neurospora crassa linkage group III,,,0,0,0,,""
phe-1,Neurospora crassa linkage group I,-33.69,,0,0,0,,""
phe-2,Neurospora crassa linkage group III,162.45,,0,0,0,,""
pho-2,Neurospora crassa linkage group V,,Neurospora crassa contig 3.53,14645,17778,3134,+,"450863"
pho-3,Neurospora crassa linkage group IV,,,0,0,0,,""
pho-4,Neurospora crassa linkage group VII,,Neurospora crassa contig 3.619,17744,22327,4584,+,"168859"
pho-5,Neurospora crassa linkage group IV,,Neurospora crassa contig 3.499,130886,133373,2488,+,"536859"
phr,Neurospora crassa linkage group I,,Neurospora crassa contig 3.531,56713,60280,3568,-,"3053"
pi,Neurospora crassa linkage group II,-152.6,,0,0,0,,""
pk,Neurospora crassa linkage group V,190.35,,0,0,0,,""
pl,Neurospora crassa linkage group V,,,0,0,0,,""
pma-1,Neurospora crassa linkage group II,,Neurospora crassa contig 3.73,51176,56535,5360,-,"168764 168760"
pmb,Neurospora crassa linkage group IV,326.3,,0,0,0,,""
pmg,Neurospora crassa linkage group II,,,0,0,0,,""
poi-1,Neurospora crassa linkage group V,,Neurospora crassa contig 3.48,9406,10492,1087,-,"3044330 3044962"
poi-2,Neurospora crassa linkage group VII,,Neurospora crassa contig 3.330,57554,57958,405,+,"3044407 3044585"
pold,Neurospora crassa linkage group V,,,0,0,0,,""
pph-1,Neurospora crassa linkage group IV,,Neurospora crassa contig 3.383,15958,17970,2013,-,"1103484"
ppt-1,Neurospora crassa linkage group V,,Neurospora crassa contig 3.58,19179,21618,2440,+,"2290381"
pr(Sk-2),Neurospora crassa linkage group III,,,0,0,0,,""
prd-1,Neurospora crassa linkage group III,,,0,0,0,,""
prd-2,Neurospora crassa linkage group V,,,0,0,0,,""
prd-3,Neurospora crassa linkage group I,,,0,0,0,,""
prd-4,Neurospora crassa linkage group I,417.39,,0,0,0,,""
prd-5,Neurospora crassa linkage group II,,,0,0,0,,""
prd-6,Neurospora crassa linkage group V,,,0,0,0,,""
preg,Neurospora crassa linkage group II,48.02,Neurospora crassa contig 3.75,22297,24690,2394,+,"168861"
pro-1,Neurospora crassa linkage group III,27.72,Neurospora crassa contig 3.371,206311,209298,2988,+,"924948"
pro-3,Neurospora crassa linkage group V,,,0,0,0,,""
pro-4,Neurospora crassa linkage group III,,,0,0,0,,""
psi-1,Neurospora crassa linkage group IV,4.03,,0,0,0,,""
psp,Neurospora crassa linkage group V,,,0,0,0,,""
pt,Neurospora crassa linkage group IV,,Neurospora crassa contig 3.462,24093,24836,744,+,""
puu-1,Neurospora crassa linkage group IV,,,0,0,0,,""
pyr-1,Neurospora crassa linkage group IV,16.03,Neurospora crassa contig 3.377,26731,27969,1239,-,""
pyr-2,Neurospora crassa linkage group IV,258.06,Neurospora crassa contig 3.301,16968,17654,687,+,""
pyr-3,Neurospora crassa linkage group IV,91.86,,0,0,0,,""
pyr-4,Neurospora crassa linkage group II,-65.77,Neurospora crassa contig 3.185,346,2004,1659,+,"168867 3058"
pyr-6,Neurospora crassa linkage group V,299.36,Neurospora crassa contig 3.223,57454,58573,1120,+,""
pzl-1,Neurospora crassa linkage group I,-245.91,Neurospora crassa contig 3.439,42665,45860,3196,-,"4193368 4193366"
qa-1F,Neurospora crassa linkage group VII,-3.9,,0,0,0,,""
qa-1S,Neurospora crassa linkage group VII,-3.9,,0,0,0,,""
qa-2,Neurospora crassa linkage group VII,-3.9,,0,0,0,,""
qa-3,Neurospora crassa linkage group VII,-3.9,,0,0,0,,""
qa-4,Neurospora crassa linkage group VII,-3.9,Neurospora crassa contig 3.350,14296,16891,2596,-,"168877"
qa-X,Neurospora crassa linkage group VII,-3.9,,0,0,0,,""
qa-Y,Neurospora crassa linkage group VII,-3.9,,0,0,0,,""
qa-cluster,Neurospora crassa linkage group VII,-3.9,Neurospora crassa contig 3.350,11186,28841,17656,+,"3060"
r(Sk-2),Neurospora crassa linkage group III,-64.36,,0,0,0,,""
r(Sk-3),Neurospora crassa linkage group III,,,0,0,0,,""
rDNA,Neurospora crassa linkage group V,-127.4,,0,0,0,,""
rap-1,Neurospora crassa linkage group II,,Neurospora crassa contig 3.177,43670,49825,6156,-,"1039441"
ras-1,Neurospora crassa linkage group IV,,Neurospora crassa contig 3.547,39322,39979,658,+,"969177 3073"
ras-3,Neurospora crassa linkage group VII,,,0,0,0,,""
rca-1,Neurospora crassa linkage group V,,Neurospora crassa contig 3.51,68701,71202,2502,-,"2253309"
rco-1,Neurospora crassa linkage group III,,Neurospora crassa contig 3.361,37044,39539,2496,-,"1698503"
rec-1,Neurospora crassa linkage group V,,,0,0,0,,""
rec-2,Neurospora crassa linkage group V,,,0,0,0,,""
rec-??,Neurospora crassa linkage group I,,,0,0,0,,""
rg-1,Neurospora crassa linkage group I,,,0,0,0,,""
rg-2,Neurospora crassa linkage group I,,Neurospora crassa contig 3.763,6087,7750,1664,+,""
rgb-1,Neurospora crassa linkage group I,,,0,0,0,,""
rhd,Neurospora crassa linkage group VII,,Neurospora crassa contig 3.350,38243,38543,301,-,"4242003 4259923"
rib-1,Neurospora crassa linkage group VI,11.51,,0,0,0,,""
rib-2,Neurospora crassa linkage group IV,,,0,0,0,,""
rip-1,Neurospora crassa linkage group II,208.41,,0,0,0,,""
ro-1,Neurospora crassa linkage group IV,,Neurospora crassa contig 3.405,72692,87003,14312,+,"473489"
ro-10,Neurospora crassa linkage group I,-264.76,Neurospora crassa contig 3.484,63626,65180,1555,+,"2353164"
ro-11,Neurospora crassa linkage group III,246.44,Neurospora crassa contig 3.520,19612,22118,2507,-,"2353162"
ro-2,Neurospora crassa linkage group III,136.72,Neurospora crassa contig 3.12,126988,129904,2917,+,"2351249"
ro-3,Neurospora crassa linkage group II,-62.64,Neurospora crassa contig 3.183,1976,6604,4629,-,"1050296"
ro-4,Neurospora crassa linkage group V,243.57,Neurospora crassa contig 3.221,51250,54230,2981,+,"473491 608052"
ro-6,Neurospora crassa linkage group I,,,0,0,0,,""
ro-7,Neurospora crassa linkage group II,-145.52,,0,0,0,,""
ro-9,Neurospora crassa linkage group II,,,0,0,0,,""
rol-1,Neurospora crassa linkage group IV,,,0,0,0,,""
rol-2,Neurospora crassa linkage group VII,,,0,0,0,,""
rol-3,Neurospora crassa linkage group V,,,0,0,0,,""
rug,Neurospora crassa linkage group IV,265.62,,0,0,0,,""
sar-1,Neurospora crassa linkage group I,,,0,0,0,,""
sar-3,Neurospora crassa linkage group I,,,0,0,0,,""
sat,Neurospora crassa linkage group V,-127.4,,0,0,0,,""
sc,Neurospora crassa linkage group III,7.96,,0,0,0,,""
scon-2,Neurospora crassa linkage group III,,Neurospora crassa contig 3.520,4987,9347,4361,-,"806757"
scot,Neurospora crassa linkage group V,,,0,0,0,,""
scp,Neurospora crassa linkage group I,,,0,0,0,,""
scr,Neurospora crassa linkage group II,,,0,0,0,,""
sdh-1,Neurospora crassa linkage group I,,,0,0,0,,""
sdv-1,Neurospora crassa linkage group IV,,,0,0,0,,""
sdv-11,Neurospora crassa linkage group IV,,,0,0,0,,""
sdv-12,Neurospora crassa linkage group IV,,,0,0,0,,""
sdv-13,Neurospora crassa linkage group VII,,,0,0,0,,""
sdv-14,Neurospora crassa linkage group VII,,,0,0,0,,""
sdv-2,Neurospora crassa linkage group IV,,,0,0,0,,""
sdv-3,Neurospora crassa linkage group IV,,,0,0,0,,""
sdv-4,Neurospora crassa linkage group I,,,0,0,0,,""
sdv-5,Neurospora crassa linkage group I,,,0,0,0,,""
sdv-6,Neurospora crassa linkage group V,,,0,0,0,,""
sdv-7,Neurospora crassa linkage group IV,,,0,0,0,,""
sdv-8,Neurospora crassa linkage group IV,,,0,0,0,,""
sdv-9,Neurospora crassa linkage group IV,,,0,0,0,,""
sen,Neurospora crassa linkage group V,,,0,0,0,,""
ser-1,Neurospora crassa linkage group III,17.11,,0,0,0,,""
ser-2,Neurospora crassa linkage group V,193.5,,0,0,0,,""
ser-3,Neurospora crassa linkage group I,-74.4,Neurospora crassa contig 3.88,66850,67587,738,-,""
ser-4,Neurospora crassa linkage group IV,,,0,0,0,,""
ser-5,Neurospora crassa linkage group III,,,0,0,0,,""
ser-6,Neurospora crassa linkage group VI,-160.3,,0,0,0,,""
sf,Neurospora crassa linkage group I,,,0,0,0,,""
sfo,Neurospora crassa linkage group VII,,,0,0,0,,""
sh,Neurospora crassa linkage group V,,,0,0,0,,""
shg,Neurospora crassa linkage group III,,,0,0,0,,""
sk,Neurospora crassa linkage group VII,167.29,,0,0,0,,""
slo-1,Neurospora crassa linkage group I,,,0,0,0,,""
slo-2,Neurospora crassa linkage group VII,,,0,0,0,,""
smco-1,Neurospora crassa linkage group I,,,0,0,0,,""
smco-3,Neurospora crassa linkage group I,,,0,0,0,,""
smco-4,Neurospora crassa linkage group IV,,,0,0,0,,""
smco-5,Neurospora crassa linkage group I,,,0,0,0,,""
smco-6,Neurospora crassa linkage group V,,,0,0,0,,""
smco-7,Neurospora crassa linkage group V,,Neurospora crassa contig 3.199,92334,93894,1561,-,"1113078"
smco-8,Neurospora crassa linkage group IV,,,0,0,0,,""
smco-9,Neurospora crassa linkage group IV,,,0,0,0,,""
sn,Neurospora crassa linkage group I,4.91,,0,0,0,,""
so,Neurospora crassa linkage group I,438.16,,0,0,0,,""
sod-1,Neurospora crassa linkage group I,,Neurospora crassa contig 3.100,41605,42626,1022,+,"168908"
sod-2,Neurospora crassa linkage group V,,Neurospora crassa contig 3.45,192815,195876,3062,+,"4731566"
sor-1,Neurospora crassa linkage group VI,,,0,0,0,,""
sor-2,Neurospora crassa linkage group VII,,,0,0,0,,""
sor-3,Neurospora crassa linkage group III,,,0,0,0,,""
sor-4,Neurospora crassa linkage group I,,Neurospora crassa contig 3.133,259993,263394,3402,+,"1314737"
sor-5,Neurospora crassa linkage group V,,,0,0,0,,""
sp,Neurospora crassa linkage group V,108.48,,0,0,0,,""
spco-10,Neurospora crassa linkage group V,,,0,0,0,,""
spco-11,Neurospora crassa linkage group I,,,0,0,0,,""
spco-12,Neurospora crassa linkage group I,,,0,0,0,,""
spco-13,Neurospora crassa linkage group VI,,,0,0,0,,""
spco-14,Neurospora crassa linkage group II,,,0,0,0,,""
spco-4,Neurospora crassa linkage group VII,-106,,0,0,0,,""
spco-5,Neurospora crassa linkage group VII,,,0,0,0,,""
spco-6,Neurospora crassa linkage group VII,,,0,0,0,,""
spco-7,Neurospora crassa linkage group VI,,,0,0,0,,""
spco-8,Neurospora crassa linkage group IV,,,0,0,0,,""
spco-9,Neurospora crassa linkage group V,,,0,0,0,,""
spco-l5,Neurospora crassa linkage group III,,,0,0,0,,""
spe-1,Neurospora crassa linkage group V,,Neurospora crassa contig 3.49,24174,29154,4981,-,"293957 168853 293955"
spe-2,Neurospora crassa linkage group V,,Neurospora crassa contig 3.41,232517,236179,3663,-,"4929539"
spe-3,Neurospora crassa linkage group V,,Neurospora crassa contig 3.388,68739,72108,3370,-,"5231272"
spg,Neurospora crassa linkage group III,,,0,0,0,,""
ss,Neurospora crassa linkage group I,,,0,0,0,,""
ssu-1,Neurospora crassa linkage group VII,,,0,0,0,,""
ssu-2,Neurospora crassa linkage group I,,,0,0,0,,""
ssu-3,Neurospora crassa linkage group I,,,0,0,0,,""
ssu-4,Neurospora crassa linkage group VII,,,0,0,0,,""
ssu-6,Neurospora crassa linkage group V,,,0,0,0,,""
ssu-7,Neurospora crassa linkage group VI,,,0,0,0,,""
ssu-8,Neurospora crassa linkage group I,,,0,0,0,,""
st,Neurospora crassa linkage group I,,,0,0,0,,""
su(Asm-1)-?,Neurospora crassa linkage group V,,,0,0,0,,""
su([mi-1])-1,Neurospora crassa linkage group III,,,0,0,0,,""
su([mi-1])-10,Neurospora crassa linkage group II,,,0,0,0,,""
su([mi-1])-14,Neurospora crassa linkage group IV,,,0,0,0,,""
su([mi-1])-3,Neurospora crassa linkage group II,,,0,0,0,,""
su([mi-1])-4,Neurospora crassa linkage group II,,,0,0,0,,""
su([mi-1])-5,Neurospora crassa linkage group VII,,,0,0,0,,""
su([mi-1])-f,Neurospora crassa linkage group V,,,0,0,0,,""
su([mi-3])-1,Neurospora crassa linkage group I,,,0,0,0,,""
su(asm-1)-??,Neurospora crassa linkage group V,,,0,0,0,,""
su(bal),Neurospora crassa linkage group I,,,0,0,0,,""
su(col-2),Neurospora crassa linkage group I,,,0,0,0,,""
su(het-d),Neurospora crassa linkage group V,,,0,0,0,,""
su(ile-1),Neurospora crassa linkage group V,,,0,0,0,,""
su(met-7)-1,Neurospora crassa linkage group I,,,0,0,0,,""
su(mtr)-1,Neurospora crassa linkage group I,,,0,0,0,,""
su(mtr26),Neurospora crassa linkage group VI,,,0,0,0,,""
su(suc)-2,Neurospora crassa linkage group I,,,0,0,0,,""
su(trp-3td2)-2,Neurospora crassa linkage group III,,,0,0,0,,""
su(trp-3td2)-2a,Neurospora crassa linkage group I,,,0,0,0,,""
su(trp-3td201)-1,Neurospora crassa linkage group VII,,,0,0,0,,""
su(trp-3td201)-2,Neurospora crassa linkage group VII,,,0,0,0,,""
su(trp-5),Neurospora crassa linkage group VI,,,0,0,0,,""
suc,Neurospora crassa linkage group I,-40.9,,0,0,0,,""
tRNALEU,Neurospora crassa linkage group VII,-5.36,,0,0,0,,"3083"
ta,Neurospora crassa linkage group I,-56.47,,0,0,0,,""
tef-1,Neurospora crassa linkage group I,,Neurospora crassa contig 3.88,61112,63608,2497,-,"961481"
tet,Neurospora crassa linkage group I,,,0,0,0,,""
tf2d,Neurospora crassa linkage group VI,,,0,0,0,,""
thi-1,Neurospora crassa linkage group I,160.19,,0,0,0,,""
thi-2,Neurospora crassa linkage group III,91.55,,0,0,0,,""
thi-3,Neurospora crassa linkage group VII,-30.45,,0,0,0,,""
thi-4,Neurospora crassa linkage group III,,Neurospora crassa contig 3.473,31735,34941,3207,-,"1856974"
thi-5,Neurospora crassa linkage group IV,,,0,0,0,,""
thi-6,Neurospora crassa linkage group VII,,,0,0,0,,""
thr-2,Neurospora crassa linkage group II,-11.09,,0,0,0,,""
thr-3,Neurospora crassa linkage group II,-25.24,,0,0,0,,""
ti,Neurospora crassa linkage group I,-10.91,,0,0,0,,""
tim17,Neurospora crassa linkage group VI,,,0,0,0,,""
tng,Neurospora crassa linkage group II,,,0,0,0,,""
tnr,Neurospora crassa linkage group VII,,,0,0,0,,""
tns,Neurospora crassa linkage group VII,,,0,0,0,,""
tol,Neurospora crassa linkage group IV,110.77,Neurospora crassa contig 3.229,16483,20706,4224,-,"3777586"
tom20,Neurospora crassa linkage group IV,,Neurospora crassa contig 3.383,21976,23787,1812,+,"168838"
tom22,Neurospora crassa linkage group VI,,Neurospora crassa contig 3.14,48223,49176,954,+,"311426"
tom40,Neurospora crassa linkage group V,,Neurospora crassa contig 3.45,79104,80261,1158,+,"3025"
tom70,Neurospora crassa linkage group V,,Neurospora crassa contig 3.221,46245,48668,2424,-,"4530326 3027"
tre-1,Neurospora crassa linkage group I,197.56,,0,0,0,,""
trk,Neurospora crassa linkage group III,,Neurospora crassa contig 3.371,121685,125264,3580,-,"3724136"
trp-1,Neurospora crassa linkage group III,108.86,Neurospora crassa contig 3.11,9909,12653,2745,+,"168914"
trp-2,Neurospora crassa linkage group VI,76.4,,0,0,0,,""
trp-3,Neurospora crassa linkage group II,177.54,Neurospora crassa contig 3.504,31541,34812,3272,+,"168915"
trp-4,Neurospora crassa linkage group IV,114.46,,0,0,0,,""
trp-5,Neurospora crassa linkage group V,168.4,,0,0,0,,""
trx,Neurospora crassa linkage group III,,Neurospora crassa contig 3.323,11141,12472,1332,+,"665589"
ts,Neurospora crassa linkage group V,,,0,0,0,,""
tu,Neurospora crassa linkage group II,,,0,0,0,,""
ty-1,Neurospora crassa linkage group III,,,0,0,0,,""
ty-2,Neurospora crassa linkage group I,,,0,0,0,,""
ty-3,Neurospora crassa linkage group III,,,0,0,0,,""
tyr-1,Neurospora crassa linkage group III,174.96,Neurospora crassa contig 3.15,76009,77400,1392,-,""
tyr-2,Neurospora crassa linkage group I,86.79,,0,0,0,,""
tys,Neurospora crassa linkage group I,,,0,0,0,,""
uc-1,Neurospora crassa linkage group II,,,0,0,0,,""
uc-2,Neurospora crassa linkage group I,,,0,0,0,,""
uc-4,Neurospora crassa linkage group V,,,0,0,0,,""
uc-5,Neurospora crassa linkage group IV,,,0,0,0,,""
ud-1,Neurospora crassa linkage group VII,,,0,0,0,,""
udk,Neurospora crassa linkage group V,,,0,0,0,,""
ufa-1,Neurospora crassa linkage group IV,,,0,0,0,,""
un-1,Neurospora crassa linkage group I,132.65,,0,0,0,,""
un-10,Neurospora crassa linkage group VII,77.9,,0,0,0,,""
un-11,Neurospora crassa linkage group V,,,0,0,0,,""
un-12,Neurospora crassa linkage group IV,,,0,0,0,,""
un-13,Neurospora crassa linkage group VI,-21.72,,0,0,0,,""
un-14,Neurospora crassa linkage group III,,,0,0,0,,""
un-15,Neurospora crassa linkage group II,206.8,,0,0,0,,""
un-16,Neurospora crassa linkage group I,-66.35,,0,0,0,,""
un-17,Neurospora crassa linkage group III,188.74,,0,0,0,,""
un-18,Neurospora crassa linkage group I,508.38,Neurospora crassa contig 3.531,29902,37131,7230,-,"3668169"
un-19,Neurospora crassa linkage group V,,,0,0,0,,""
un-2,Neurospora crassa linkage group I,18.37,,0,0,0,,""
un-20,Neurospora crassa linkage group II,100.24,,0,0,0,,""
un-21,Neurospora crassa linkage group III,,,0,0,0,,""
un-22,Neurospora crassa linkage group VII,,,0,0,0,,""
un-23,Neurospora crassa linkage group VI,104.65,,0,0,0,,""
un-24,Neurospora crassa linkage group II,-101.1,Neurospora crassa contig 3.189,75190,75396,207,+,"4219827"
un-25,Neurospora crassa linkage group VI,,,0,0,0,,""
un-3,Neurospora crassa linkage group I,-69.98,,0,0,0,,""
un-4,Neurospora crassa linkage group VI,-72.3,,0,0,0,,""
un-5,Neurospora crassa linkage group I,-187.33,,0,0,0,,""
un-6,Neurospora crassa linkage group III,,,0,0,0,,""
un-7,Neurospora crassa linkage group I,,,0,0,0,,""
un-8,Neurospora crassa linkage group IV,,,0,0,0,,""
un-9,Neurospora crassa linkage group V,306.56,,0,0,0,,""
upr-1,Neurospora crassa linkage group I,,,0,0,0,,""
ure(D2),Neurospora crassa linkage group V,,,0,0,0,,""
ure-1,Neurospora crassa linkage group V,130.35,,0,0,0,,""
ure-2,Neurospora crassa linkage group V,114.99,,0,0,0,,""
ure-3,Neurospora crassa linkage group II,,,0,0,0,,""
ure-4,Neurospora crassa linkage group I,,,0,0,0,,""
usg-1,Neurospora crassa linkage group V,,,0,0,0,,""
uvs-2,Neurospora crassa linkage group IV,312.72,Neurospora crassa contig 3.293,70920,73143,2224,-,"303713"
uvs-3,Neurospora crassa linkage group IV,-143.72,,0,0,0,,""
uvs-4,Neurospora crassa linkage group III,,,0,0,0,,""
uvs-5,Neurospora crassa linkage group III,,,0,0,0,,""
uvs-6,Neurospora crassa linkage group I,,,0,0,0,,""
val,Neurospora crassa linkage group V,,,0,0,0,,""
vel,Neurospora crassa linkage group III,164.94,,0,0,0,,""
vma-1,Neurospora crassa linkage group V,,Neurospora crassa contig 3.45,166703,170563,3861,+,"168925"
vma-10,Neurospora crassa linkage group II,,Neurospora crassa contig 3.288,89788,92318,2531,-,"1814379"
vma-11,Neurospora crassa linkage group I,,Neurospora crassa contig 3.23,312784,313239,456,-,"5533302"
vma-2,Neurospora crassa linkage group II,,Neurospora crassa contig 3.515,9490,13021,3532,+,"168927"
vma-3,Neurospora crassa linkage group V,145.9,Neurospora crassa contig 3.51,135535,138165,2631,+,"168929"
vma-4,Neurospora crassa linkage group I,,Neurospora crassa contig 3.434,74932,76908,1977,-,"600166"
vma-6,Neurospora crassa linkage group II,,,0,0,0,,""
vma-7,Neurospora crassa linkage group IV,,Neurospora crassa contig 3.228,45164,46311,1148,+,"4426614"
vma-8,Neurospora crassa linkage group IV,,Neurospora crassa contig 3.481,210349,211315,967,-,"2995848"
vph-1,Neurospora crassa linkage group II,,Neurospora crassa contig 3.181,40854,45012,4159,+,"1237127"
vvd,Neurospora crassa linkage group VI,,,0,0,0,,""
wa,Neurospora crassa linkage group V,211.34,,0,0,0,,""
wc-1,Neurospora crassa linkage group VII,21.85,Neurospora crassa contig 3.113,27081,32207,5127,-,"5441497"
wc-2,Neurospora crassa linkage group I,,Neurospora crassa contig 3.33,10667,17416,6750,+,"1835158"
ws-1,Neurospora crassa linkage group VI,159.3,,0,0,0,,""
ws-2,Neurospora crassa linkage group VI,,,0,0,0,,""
xdh-1,Neurospora crassa linkage group II,,,0,0,0,,""
ylo-1,Neurospora crassa linkage group VI,-28.38,,0,0,0,,""
ylo-2,Neurospora crassa linkage group I,,,0,0,0,,""
ypt-1,Neurospora crassa linkage group II,,Neurospora crassa contig 3.512,3476,6161,2686,+,"262045"
zip-1,Neurospora crassa linkage group I,,,0,0,0,,""
znr-1,Neurospora crassa linkage group IV,,,0,0,0,,""
znr-2,Neurospora crassa linkage group IV,,,0,0,0,,""
znr-3,Neurospora crassa linkage group I,,,0,0,0,,""
